Column1,acousticness,album_id,analysis_url,artists_id,available_markets,country,danceability,disc_number,duration_ms,energy,href,id,instrumentalness,key,liveness,loudness,lyrics,mode,name,playlist,popularity,preview_url,speechiness,tempo,time_signature,track_href,track_name_prev,track_number,uri,valence,type
,0.211,1F5OliwEcMBSGNsXxRC8p4,https://api.spotify.com/v1/audio-analysis/2xEUE2mCaghHy4uYJmITaI,['4Ly0KABsxlx4fNj63zJTrF'],"['AD', 'AE', 'AR', 'AT', 'AU', 'BE', 'BG', 'BH', 'BO', 'BR', 'CA', 'CH', 'CL', 'CO', 'CR', 'CY', 'CZ', 'DE', 'DK', 'DO', 'DZ', 'EC', 'EE', 'EG', 'ES', 'FI', 'FR', 'GB', 'GR', 'GT', 'HK', 'HN', 'HU', 'ID', 'IE', 'IL', 'IN', 'IS', 'IT', 'JO', 'JP', 'KW', 'LB', 'LI', 'LT', 'LU', 'LV', 'MA', 'MC', 'MT', 'MX', 'MY', 'NI', 'NL', 'NO', 'NZ', 'OM', 'PA', 'PE', 'PH', 'PL', 'PT', 'PY', 'QA', 'RO', 'SA', 'SE', 'SG', 'SK', 'SV', 'TH', 'TN', 'TR', 'TW', 'US', 'UY', 'VN', 'ZA']",BE,0.625,1.0,212973.0,0.76,https://api.spotify.com/v1/tracks/2xEUE2mCaghHy4uYJmITaI,2xEUE2mCaghHy4uYJmITaI,3.9e-05,4.0,0.187,-3.688,"

Caught in the dark with a sound in my heart
Hiding alone down on the floor
Out of my depth and I'm holding my breath
Don't wanna go outside the door

Paralyzed by my own emotion
Out of my mind, looking for a way out of here, out of here
Terrified and my feet are frozen
Something inside got me wondering is this real?
Is this real?

I'm hearing voices in my head
I don't wanna hear, I don't wanna fear
Say you ain't afraid of nothing
Everybody is scared of something, woo-hoo

Smoke in my chest from my last cigarette
And the dog start to howl at the moon
Black silhouettes gonna haunt me again
Creeping out from the shadows of the room

Paralyzed by my own emotions
Something inside got me wondering is this real?
Is this real?

I'm hearing voices in my head
I don't wanna hear, I don't wanna fear
I'm seeing monsters in my bed
I don't wanna see, I don't wanna fear
Say you ain't afraid of nothing
Everybody is scared of something, woo-hoo

I wanna let you know
I ain't afraid no more
I wanna let you know

I'm hearing voices in my head
I don't wanna hear, I don't wanna fear
I'm seeing monsters in my bed
I don't wanna see, I don't wanna fear, wooh-wooh
I wanna let you know
I wanna let you know
I wanna let you know
Saying you ain't afraid of nothing
Everybody is scared of something, woo-hoo
",0.0,Monsters,emo,52.0,https://p.scdn.co/mp3-preview/ce11a70ff005c2fdcbc0f5ffaaaec15607697279?cid=b3cdb16d0df2409abf6a8f6c2f6c2e0c,0.0469,89.97,4.0,https://api.spotify.com/v1/tracks/2xEUE2mCaghHy4uYJmITaI,track_38,1.0,spotify:track:2xEUE2mCaghHy4uYJmITaI,0.352,track
,0.0149,23OIssiWfFrUOhNvXaqa3R,https://api.spotify.com/v1/audio-analysis/3Obxz980GJnoElXiPPL5Aq,['66mvkoeTssT7z9uSV0OEy7'],"['AD', 'AE', 'AR', 'AT', 'AU', 'BE', 'BG', 'BH', 'BO', 'BR', 'CA', 'CH', 'CL', 'CO', 'CR', 'CY', 'CZ', 'DE', 'DK', 'DO', 'DZ', 'EC', 'EE', 'EG', 'ES', 'FI', 'FR', 'GB', 'GR', 'GT', 'HK', 'HN', 'HU', 'ID', 'IE', 'IL', 'IN', 'IS', 'IT', 'JO', 'JP', 'KW', 'LB', 'LI', 'LT', 'LU', 'LV', 'MA', 'MC', 'MT', 'MX', 'MY', 'NI', 'NL', 'NO', 'NZ', 'OM', 'PA', 'PE', 'PH', 'PL', 'PS', 'PT', 'PY', 'QA', 'RO', 'SA', 'SE', 'SG', 'SK', 'SV', 'TH', 'TN', 'TR', 'TW', 'US', 'UY', 'VN', 'ZA']",BE,0.554,1.0,134304.0,0.908,https://api.spotify.com/v1/tracks/3Obxz980GJnoElXiPPL5Aq,3Obxz980GJnoElXiPPL5Aq,0.0,9.0,0.262,-3.572,"
When I am 29
When I am 29 I'll start going to therapy
When I am 29
When I am 29 I’ll start going to therapy
I'll make time then
No more excuses
I'll start going to therapy
When I was 24
When I was 24 I was fucking up everything
When I was 24
When I was 24 I was fucking up everything
I had three jobs
And a broken heart
I was fucking up everything
When I was three years old
Don’t remember what I was told
I found empty vodka bottles in your briefcase
When I wasn't even born
Did I deserve the scorn
That I'd get with every year but never ask for
When I am 29
When I am 29 I'll start going to therapy
When I am 29
When I am 29 I'll start going to therapy
I'll make time then
No more excuses
I'll start going to therapy
",1.0,Therapy,emo,39.0,https://p.scdn.co/mp3-preview/1999910abebf034e014ac1e10174b07d03e06551?cid=b3cdb16d0df2409abf6a8f6c2f6c2e0c,0.0436,105.862,4.0,https://api.spotify.com/v1/tracks/3Obxz980GJnoElXiPPL5Aq,track_30,1.0,spotify:track:3Obxz980GJnoElXiPPL5Aq,0.597,track
,0.365,4t6hjfoEcGaOXLWMha4H0N,https://api.spotify.com/v1/audio-analysis/3rdhZX8fOu65q97OejFQ1U,['1Z1d9w6X8vxMyZvM19a7vy'],"['AD', 'AE', 'AR', 'AT', 'AU', 'BE', 'BG', 'BH', 'BO', 'BR', 'CA', 'CH', 'CL', 'CO', 'CR', 'CY', 'CZ', 'DE', 'DK', 'DO', 'DZ', 'EC', 'EE', 'EG', 'ES', 'FI', 'FR', 'GB', 'GR', 'GT', 'HK', 'HN', 'HU', 'ID', 'IE', 'IL', 'IN', 'IS', 'IT', 'JO', 'JP', 'KW', 'LB', 'LI', 'LT', 'LU', 'LV', 'MA', 'MC', 'MT', 'MX', 'MY', 'NI', 'NL', 'NO', 'NZ', 'OM', 'PA', 'PE', 'PH', 'PL', 'PS', 'PT', 'PY', 'QA', 'RO', 'SA', 'SE', 'SG', 'SK', 'SV', 'TH', 'TN', 'TR', 'TW', 'US', 'UY', 'VN', 'ZA']",FI,0.774,1.0,209481.0,0.575,https://api.spotify.com/v1/tracks/3rdhZX8fOu65q97OejFQ1U,3rdhZX8fOu65q97OejFQ1U,0.0,5.0,0.12,-4.588,"
I miss you
I really fucking miss you, I miss holding you
I miss everything I'm used to
But fuck you
I get it, I’m too negative, I get it, I'm a sedative
I get it I'm a medicine to people like you
I miss you
I really fucking miss you
I can’t stand all of these people tryna ask me what's the issue
But fuck you
I get it, I'm too good for you, I get it,  I'm just loving you
I get it I'm the only one for people like you
I feel it in my stomach, I feel it in my head
I really fucking love you and I wish that I was dead
I feel it in my stomach, I feel it in my head
I really fucking hate you and I wish that I was dead. (2x)
I miss you
I really fucking miss you, I miss kissing you
I miss everything I'm used to
But fuck you
I get it, I'm too sensitive, I get it, I'm too genuine
I get it I’m too venomous to people like you
I miss you
I really fucking miss you
I can’t hold on to myself and just ignore all of my issues
But fuck you
I get it, I'm too personal, I get it, I’m too burnable
I get it I'm too permanent for people to like you
I feel it in my stomach, I feel it in my head
I really fucking love you and I wish that I was dead
I feel it in my stomach, I feel it in my head
I really fucking hate you and I wish that I was dead. (4x)
I miss you
I really fucking miss you (4x)
I feel it in my stomach, I feel it in my head
I really fucking love you and I wish that I was dead. (2x)
I really fucking miss you
I miss you
But fuck you, yeah
",0.0,I Miss You,emo,44.0,https://p.scdn.co/mp3-preview/d71a849f55c1cc111f66c4d3bdec8e7e485d0be1?cid=b3cdb16d0df2409abf6a8f6c2f6c2e0c,0.071,110.01,4.0,https://api.spotify.com/v1/tracks/3rdhZX8fOu65q97OejFQ1U,track_13,1.0,spotify:track:3rdhZX8fOu65q97OejFQ1U,0.155,track
,0.0104,1cRVHT6fWzQdEUSjlQkmma,https://api.spotify.com/v1/audio-analysis/6TBDSrE9o2QzcBXUswrDm6,['2cXyPSMdJcGw3t9yNhwTN2'],"['AD', 'AE', 'AR', 'AT', 'AU', 'BE', 'BG', 'BH', 'BO', 'BR', 'CA', 'CH', 'CL', 'CO', 'CR', 'CY', 'CZ', 'DE', 'DK', 'DO', 'DZ', 'EC', 'EE', 'EG', 'ES', 'FI', 'FR', 'GB', 'GR', 'GT', 'HK', 'HN', 'HU', 'ID', 'IE', 'IL', 'IN', 'IS', 'IT', 'JO', 'JP', 'KW', 'LB', 'LI', 'LT', 'LU', 'LV', 'MA', 'MC', 'MT', 'MX', 'MY', 'NI', 'NL', 'NO', 'NZ', 'OM', 'PA', 'PE', 'PH', 'PL', 'PS', 'PT', 'PY', 'QA', 'RO', 'SA', 'SE', 'SG', 'SK', 'SV', 'TH', 'TN', 'TR', 'TW', 'US', 'UY', 'VN', 'ZA']",BE,0.481,1.0,211575.0,0.577,https://api.spotify.com/v1/tracks/6TBDSrE9o2QzcBXUswrDm6,6TBDSrE9o2QzcBXUswrDm6,1.96e-06,9.0,0.127,-7.175,"

My faith is the door to Your world
Your way is the way to freedom
Opposite to what I see
Opposite to what I see

I find you in my wildest dreams
Like a new reality
You are my gravity
You are my gravity

Weightless above the clouds
Love is the sound
I’m falling, I’m falling for You
I’m falling, I’m falling for You
Caught up in Heaven now
Weightless and bound
I’m falling, I’m falling for You
I’m falling, I’m falling for You

Building my life in Your name
Stealing my heart with Your race
I can feel You here with me
I can feel You here with me

I find you in my wildest dreams
Like a new reality
You are my gravity
You are my gravity

Weightless above the clouds
Love is the sound
I’m falling, I’m falling for You
I’m falling, I’m falling for You
Caught up in Heaven now
Weightless and bound
I’m falling, I’m falling for You
I’m falling, I’m falling for You

Sometimes it feels too good to be real
Your love reversed my failure
Now I let go, trust You and know
You hold, You hold my future
Sometimes it feels too good to be real
Your love reversed my failure
Now I let go, trust You and know
You hold, You hold my future

Weightless above the clouds
Love is the sound
I’m falling, I’m falling for You
I’m falling, I’m falling for You
Weightless above the clouds
Love is the sound
I’m falling, I’m falling for You
I’m falling, I’m falling for You
Caught up in Heaven now
Weightless and bound
I’m falling, I’m falling for You
I’m falling, I’m falling for You
",1.0,Weightless,emo,28.0,https://p.scdn.co/mp3-preview/0c5f7a0243d4b49634c97412b29d6cc2ece794dc?cid=b3cdb16d0df2409abf6a8f6c2f6c2e0c,0.0363,138.166,4.0,https://api.spotify.com/v1/tracks/6TBDSrE9o2QzcBXUswrDm6,track_34,5.0,spotify:track:6TBDSrE9o2QzcBXUswrDm6,0.238,track
,0.000185,20ZLZhtmAf75W9FpG6o7N9,https://api.spotify.com/v1/audio-analysis/0B3pmm6gmlkYgbJ7HRFBGt,['2iT2Fmot4VzWgdOTgp3j9M'],"['AD', 'AE', 'AR', 'AT', 'AU', 'BE', 'BG', 'BH', 'BO', 'BR', 'CA', 'CH', 'CL', 'CO', 'CR', 'CY', 'CZ', 'DE', 'DK', 'DO', 'DZ', 'EC', 'EE', 'EG', 'ES', 'FI', 'FR', 'GB', 'GR', 'GT', 'HK', 'HN', 'HU', 'ID', 'IE', 'IL', 'IN', 'IS', 'IT', 'JO', 'JP', 'KW', 'LB', 'LI', 'LT', 'LU', 'LV', 'MA', 'MC', 'MT', 'MX', 'MY', 'NI', 'NL', 'NO', 'NZ', 'OM', 'PA', 'PE', 'PH', 'PL', 'PS', 'PT', 'PY', 'QA', 'RO', 'SA', 'SE', 'SG', 'SK', 'SV', 'TH', 'TN', 'TR', 'TW', 'US', 'UY', 'VN', 'ZA']",BE,0.51,1.0,156787.0,0.996,https://api.spotify.com/v1/tracks/0B3pmm6gmlkYgbJ7HRFBGt,0B3pmm6gmlkYgbJ7HRFBGt,0.211,9.0,0.0321,-2.636,"

Shut my mouth real tight
There's no proof to find on the earth
And the herd squirms
All the worlds pretend
The dim will defend
And I'll sink to the belly
Of the weak again

Drug the living crowd
When you are dead
Throw my name around

The dumb won't make a sound
When you are dead
Ugly dies face down

Don't make a sound
You don't make a sound
Don't make a sound

They will crawl behind
Your little waist and you spin despite
I lose my mind
All the worlds pretend
One dime to go and
I sink to the belly of the weak again



Don't make a sound
You don't make a sound
And die face down
You say it's vile (x3)
And you're right
",1.0,Face Down,emo,23.0,https://p.scdn.co/mp3-preview/b667a3ef18828ea13b3e59f94e8c1bd0f9b7d3bb?cid=b3cdb16d0df2409abf6a8f6c2f6c2e0c,0.167,119.08,4.0,https://api.spotify.com/v1/tracks/0B3pmm6gmlkYgbJ7HRFBGt,track_16,4.0,spotify:track:0B3pmm6gmlkYgbJ7HRFBGt,0.163,track
,0.561,4K1SL6j7HUpio0iK3zcuwd,https://api.spotify.com/v1/audio-analysis/2uFxEoD19haHsZvgTLVtBS,['6W2lyFO79SNpk3ZpF0A2s9'],"['AD', 'AE', 'AR', 'AT', 'AU', 'BE', 'BG', 'BH', 'BO', 'BR', 'CA', 'CH', 'CL', 'CO', 'CR', 'CY', 'CZ', 'DE', 'DK', 'DO', 'DZ', 'EC', 'EE', 'EG', 'ES', 'FI', 'FR', 'GB', 'GR', 'GT', 'HK', 'HN', 'HU', 'ID', 'IE', 'IL', 'IN', 'IS', 'IT', 'JO', 'JP', 'KW', 'LB', 'LI', 'LT', 'LU', 'LV', 'MA', 'MC', 'MT', 'MX', 'MY', 'NI', 'NL', 'NO', 'NZ', 'OM', 'PA', 'PE', 'PH', 'PL', 'PS', 'PT', 'PY', 'QA', 'RO', 'SA', 'SE', 'SG', 'SK', 'SV', 'TH', 'TN', 'TR', 'TW', 'US', 'UY', 'VN', 'ZA']",BE,0.606,1.0,166441.0,0.367,https://api.spotify.com/v1/tracks/2uFxEoD19haHsZvgTLVtBS,2uFxEoD19haHsZvgTLVtBS,0.0,5.0,0.0658,-7.01,"

Soft and smooth with honest love
I could never do enough
To tell you what you mean to me right now
And every time you call me down
And bring me back to solid ground
You're the only one I need around

And you, you're the only one that holds me together
And you, you're my queen, I'll always be your shelter
If that ain't love, I don't know what is
If that ain't love, I don't know what is
If that ain't love, I don't know what is
If that ain't love, I don't know what is
And you, you're the only one that holds me together

I tell it how it is, I don't jump over no obstacles
I've been out in Southern California working on the low
She was there with me while driving down the backroads
Saying that she love me, usually it's a way that I don't know
I was feeling different, ooh boy, I think I'm sold
See I met a girl, out in Orange County
Southern girl that went west a couple years ago
Took her home, to the South with me
She played my song the whole drive to the radio

If that ain't love, I don't know what is
If that ain't love, I don't know what is
If that ain't love, I don't know what is
If that ain't love, I don't know what is
You, you're the only one that holds me together
You, you, you, you, you, you're my queen I'll be your shelter

If that ain't love, I don't know what is
If that ain't love, I don't know what is
If that ain't love, I don't know what is
If that ain't love, I don't know what is
If that ain't love, I don't know what is
If that ain't love, I don't know what is
If that ain't love, I don't know what is
If that ain't love, I don't know what is
",1.0,Only One,emo,20.0,https://p.scdn.co/mp3-preview/c7fc94910bc372b2aeb872bfc91dd1aeecb7fb94?cid=b3cdb16d0df2409abf6a8f6c2f6c2e0c,0.355,84.991,4.0,https://api.spotify.com/v1/tracks/2uFxEoD19haHsZvgTLVtBS,track_29,1.0,spotify:track:2uFxEoD19haHsZvgTLVtBS,0.56,track
,0.184,4xsgJS74UkFgI1DE71lnXX,https://api.spotify.com/v1/audio-analysis/3gVDrOZJo1yQmILTT3gOjV,['25tMQOrIU4LlUo6Sv8v5SE'],"['AT', 'BE', 'BG', 'CH', 'CZ', 'DE', 'DK', 'EE', 'ES', 'FI', 'GR', 'HU', 'IL', 'IT', 'LI', 'LT', 'LU', 'LV', 'NL', 'NO', 'PL', 'PT', 'SE', 'SK', 'TR']",FI,0.522,1.0,227782.0,0.585,https://api.spotify.com/v1/tracks/3gVDrOZJo1yQmILTT3gOjV,3gVDrOZJo1yQmILTT3gOjV,0.0,9.0,0.132,-5.382,"

Hold me close
And don't ever let me go
In your heart I found a home
Somewhere I've never been before
No one knows
Just where they wanna go
Live your life in growing old
Simple songs and same old stories

But we could start a fire
We could start a fire

I feel you in my bones, oh oh oh oh oh
From my head down to my toes, oh oh oh oh oh
And I know it's a long way down
While we're caught inbetween
Won't you stay in the middle with me?

I will keep you warm
When the years make you feel cold
I will follow where you go
I'll be there when you're lonely
I know it's strange
Living life in different ways
I swear, I'd give you all my days if I could

'Cause I feel you in my bones, oh oh oh oh oh
From my head down to my toes, oh oh oh oh oh
And I know it's a long way down
While we're caught inbetween
Won't you stay in the middle with me?

Can we rush in?
I know there's no way the lights go out
When you're so far under my skin
I'll breathe you in
Because the thought of ever losing you
Would surely turn my life to blue

I feel you in my bones, oh oh oh oh oh
From my head down to my toes, oh oh oh oh oh
I know it's a long way down
While we're caught inbetween
Won't you stay in the middle with me?
",0.0,The Middle,emo,64.0,https://p.scdn.co/mp3-preview/f00d027c67777c80bfa20f0b2d1999aca0959075?cid=b3cdb16d0df2409abf6a8f6c2f6c2e0c,0.0409,67.909,4.0,https://api.spotify.com/v1/tracks/3gVDrOZJo1yQmILTT3gOjV,track_17,7.0,spotify:track:3gVDrOZJo1yQmILTT3gOjV,0.347,track
,0.144,27UqZoE1kV6sIV6uQcI28A,https://api.spotify.com/v1/audio-analysis/7JIuqL4ZqkpfGKQhYlrirs,['74XFHRwlV6OrjEM0A2NCMF'],"['AE', 'AR', 'BE', 'BH', 'BO', 'BR', 'CA', 'CL', 'CO', 'CR', 'DK', 'DO', 'DZ', 'EC', 'EG', 'ES', 'FI', 'FR', 'GR', 'GT', 'HK', 'HN', 'ID', 'IL', 'IS', 'IT', 'JO', 'KW', 'LB', 'LU', 'MA', 'MT', 'MX', 'MY', 'NI', 'NL', 'NO', 'OM', 'PA', 'PE', 'PH', 'PT', 'PY', 'QA', 'SA', 'SE', 'SG', 'SV', 'TH', 'TN', 'TR', 'TW', 'US', 'UY', 'VN', 'ZA']",FI,0.452,1.0,267653.0,0.563,https://api.spotify.com/v1/tracks/7JIuqL4ZqkpfGKQhYlrirs,7JIuqL4ZqkpfGKQhYlrirs,0.0,4.0,0.143,-6.607,"

When I was younger
I saw my daddy cry and curse at the wind
He broke his own heart and I watched
As he tried to reassemble it
And my mama swore that she would
Never let herself forget
And that was the day that I promised
I'd never sing of love if it does not exist

But, darling
You are the only exception
You are the only exception
You are the only exception
You are the only exception

Maybe I know, somewhere
Deep in my soul, that love never lasts
And we've got to find other ways
To make it alone, but keep a straight face
And I've always lived like this
Keeping a comfortable distance
And up until now, I had sworn to myself
That I'm content with loneliness
Because none of it was ever worth the risk

Well, you are the only exception
You are the only exception
You are the only exception
You are the only exception

I've got a tight grip on reality
But I can't, let go of what's in front of me here
I know you're leaving in the morning, when you wake up
Leave me with some kind of proof it's not a dream

You are the only exception
You are the only exception
You are the only exception
You are the only exception
You are the only exception
You are the only exception
You are the only exception
You are the only exception

And I'm on my way to believing
Oh, and I'm on my way to believing
",1.0,The Only Exception,emo,71.0,https://p.scdn.co/mp3-preview/5eaa3e358350b45aa0d84fd72626d2a12d1ed6be?cid=b3cdb16d0df2409abf6a8f6c2f6c2e0c,0.0272,137.715,3.0,https://api.spotify.com/v1/tracks/7JIuqL4ZqkpfGKQhYlrirs,track_16,6.0,spotify:track:7JIuqL4ZqkpfGKQhYlrirs,0.209,track
,0.768,2Bh7a25ofdaWARIFxnwMJT,https://api.spotify.com/v1/audio-analysis/5dHYZyavgU0gBjBXDBnZIw,"['2BNVHk103mhpIy5ytlCHTT', '3liWfHRnSkAv6oHHuF1i74']","['AD', 'AE', 'AR', 'AT', 'AU', 'BE', 'BG', 'BH', 'BO', 'BR', 'CA', 'CH', 'CL', 'CO', 'CR', 'CY', 'CZ', 'DE', 'DK', 'DO', 'DZ', 'EC', 'EE', 'EG', 'ES', 'FI', 'FR', 'GB', 'GR', 'GT', 'HK', 'HN', 'HU', 'ID', 'IE', 'IL', 'IN', 'IS', 'IT', 'JO', 'JP', 'KW', 'LB', 'LI', 'LT', 'LU', 'LV', 'MA', 'MC', 'MT', 'MX', 'MY', 'NI', 'NL', 'NO', 'NZ', 'OM', 'PA', 'PE', 'PH', 'PL', 'PS', 'PT', 'PY', 'QA', 'RO', 'SA', 'SE', 'SG', 'SK', 'SV', 'TH', 'TN', 'TR', 'TW', 'US', 'UY', 'VN', 'ZA']",BE,0.578,1.0,204500.0,0.582,https://api.spotify.com/v1/tracks/5dHYZyavgU0gBjBXDBnZIw,5dHYZyavgU0gBjBXDBnZIw,0.0,1.0,0.115,-6.994,"
J-J-Janax

Scend p'à tut come nu pusher
Cap rasat addò ò meglj barbier
Maronn mij sto mmiezz a vij da ier
Stu motorin vol, frà è 'n aereo
For fà fridd, pare l'Alaska
Simm é scugnizz nat ccà abbasc'
Se fann bell, ccà senz casc
Nuj ncopp é sell ma senza targa
Vuless guardà é stell insiemm'a te
Cu na canna e cu na birr
Mo nun manca niente cchiù
Pens a quand stev sùl
Insiem ai frà ma senz'é te
E si pens a comm stong mo
Non voglio niente cchiù
O cappucc' mij me dà calor, me sent protett
Ncuoll port'addor dei quartier maledett
Ste uaglion hanno sbagliato, so' stat costrett
Pecché chesta vita a loro nun c'ha dat nient
E nient, no nient
Non vogl sent nient e p'o mument pens'a Saliern
Si me portan luntan a te sent l'infiern
Pens'a Saliern

Saliern è sulo a mia pecché l'avit abbandunata
Tant 'e sord nun me cagnano già me l'aggio magnate
Nziem 'e frat nde nuttat scumbinat già 'a criature
Sulamente rint 'e vic ce sentevem sicur

Na na na
Na na na
M'arricord na canzon ca facev na na na
Si ce pens sbatt 'o cor
Sij sinonim 'e calor
Pecché rint a sti lenzol
C'è rimmast sul addor na na na
Na na na
M'arricord na canzon ca facev na na na
Sij ce pens sbatt 'o cor
Sij sinonim 'e calor
Pcché rint a sti lenzol
C'è rimmast sul addor na na na

Sceng pa borz comm a nu mariuol
Teng na scarp fra che è vecchia scuola
'E chistu fumm sient sul addor
A sti caniell 'e mecc a museruol
Nde pann mij tu dimm che faciss
Frat a p loc e a 41 bis
089 segnt o prefiss
A nonn chiagn annanz'ò crocifisso
Enn rimast é viecchj rint é chies
Uagliun a Londr ma 'nsann l'inglese
Fratm ha fatt na buona carrier
È jut for a s' mparà o mestier
Si n'amic sent fridd pront a lu scarfà
S' puort ò passamontagn é nott 'nduorm frà
Chill ca sta latitant e n'ò ponn arrestà
M'hann itt stev int'ò bar doje o tre juorn fa

Che fa, che fa,chesta vita che va, che fa
Ma nuje restamm cà
Na na, na na, ma mo lasc'm stà
Pecché teng che fa
Si n'amic sbaglj pront a perdonà
Ma n'ò facess mai doje vot
Int'ò studio semp insieme
M'arricordo na canzon ca facev na na na

Na na na
Na na na
M'arricord na canzon ca facev na na na
Si ce pens sbatt 'o cor
Sij sinonim 'e calor
Pecché rint a sti lenzol
C'è rimmast sul addor na na na
Na na na
M'arricord na canzon ca facev na na na
Sij ce pens sbatt 'o cor
Sij sinonim 'e calor
Pcché rint a sti lenzol
C'è rimmast sul addor na na na
",0.0,Na Na Na,emo,57.0,https://p.scdn.co/mp3-preview/324f1d65e80ef35a881f622bad1e8f311fe46cb3?cid=b3cdb16d0df2409abf6a8f6c2f6c2e0c,0.34,117.196,5.0,https://api.spotify.com/v1/tracks/5dHYZyavgU0gBjBXDBnZIw,track_4,1.0,spotify:track:5dHYZyavgU0gBjBXDBnZIw,0.606,track
,0.0688,0HQ1iqQe3NFFWxs8x4pfJg,https://api.spotify.com/v1/audio-analysis/0V4ZrRpuaXTjhSMvMS62R5,['0inqWv3OS4VpWt691ki8yk'],"['AD', 'AE', 'AR', 'AT', 'AU', 'BE', 'BG', 'BH', 'BO', 'BR', 'CA', 'CH', 'CL', 'CO', 'CR', 'CY', 'CZ', 'DE', 'DK', 'DO', 'DZ', 'EC', 'EE', 'EG', 'ES', 'FI', 'FR', 'GB', 'GR', 'GT', 'HK', 'HN', 'HU', 'ID', 'IE', 'IL', 'IN', 'IS', 'IT', 'JO', 'JP', 'KW', 'LB', 'LI', 'LT', 'LU', 'LV', 'MA', 'MC', 'MT', 'MX', 'MY', 'NI', 'NL', 'NO', 'NZ', 'OM', 'PA', 'PE', 'PH', 'PL', 'PS', 'PT', 'PY', 'QA', 'RO', 'SA', 'SE', 'SG', 'SK', 'SV', 'TH', 'TN', 'TR', 'TW', 'US', 'UY', 'VN', 'ZA']",FI,0.582,1.0,323667.0,0.85,https://api.spotify.com/v1/tracks/0V4ZrRpuaXTjhSMvMS62R5,0V4ZrRpuaXTjhSMvMS62R5,0.0,7.0,0.0947,-7.578,"
I'm so happy 'cause today
I've found my friends, they're in my head
I'm so ugly, that's OK
'Cause so are you, broke our mirrors
Sunday mornin' is every day
For all I care and I'm not scared
Light my candles in a daze
'Cause I've found God
Yeah!
Yeah!
Yeah!
Yeah!
Yeah!
Yeah!
Yeah!
I'm so lonely, that's OK
I shaved my head and I'm not sad
And just maybe I'm to blame
For all I've heard but I'm not sure
I'm so excited, I can't wait
To meet you there and I don't care
I'm so horny, that's OK
My will is good
Yeah!
Yeah!
Yeah!
Yeah!
Yeah!
Yeah!
Yeah!
I like it, I'm not gonna crack
I miss you, I'm not gonna crack
I love you, I'm not gonna crack
I kill you, I'm not gonna crack
I like it, I'm not gonna crack
I miss you, I'm not gonna crack
I love you, I'm not gonna crack
I kill you, I'm not gonna
Crack
I'm so happy 'cause today
I've found my friends, they're in my head
I'm so ugly, that's OK
'Cause so are you, broke our mirrors
Sunday mornin' is every day
For all I care and I'm not scared
Light my candles in a daze
'Cause I've found God
Yeah!
Yeah!
Yeah!
Yeah!
Yeah!
Yeah!
Yeah!
I like it, I'm not gonna crack
I miss you, I'm not gonna crack
I love you, I'm not gonna crack
I kill you, I'm not gonna crack
I like it, I'm not gonna crack
I miss you, I'm not gonna crack
I love you, I'm not gonna crack
I kill you, I'm not gonna
Crack
",1.0,Lithium,emo,43.0,https://p.scdn.co/mp3-preview/9779669cbedf41c8778b71fb989885cd0d63a8c0?cid=b3cdb16d0df2409abf6a8f6c2f6c2e0c,0.055,122.218,4.0,https://api.spotify.com/v1/tracks/0V4ZrRpuaXTjhSMvMS62R5,track_54,4.0,spotify:track:0V4ZrRpuaXTjhSMvMS62R5,0.321,track
,0.0098,4sgYpkIASM1jVlNC8Wp9oF,https://api.spotify.com/v1/audio-analysis/1yjY7rpaAQvKwpdUliHx0d,['74XFHRwlV6OrjEM0A2NCMF'],"['AE', 'AR', 'AT', 'AU', 'BE', 'BG', 'BH', 'BO', 'BR', 'CA', 'CH', 'CL', 'CO', 'CR', 'CY', 'CZ', 'DE', 'DK', 'DO', 'DZ', 'EC', 'EE', 'EG', 'ES', 'FI', 'FR', 'GB', 'GR', 'GT', 'HK', 'HN', 'HU', 'ID', 'IE', 'IL', 'IS', 'IT', 'JO', 'JP', 'KW', 'LB', 'LT', 'LU', 'LV', 'MA', 'MT', 'MX', 'MY', 'NI', 'NL', 'NO', 'NZ', 'OM', 'PA', 'PE', 'PH', 'PL', 'PT', 'PY', 'QA', 'RO', 'SA', 'SE', 'SG', 'SK', 'SV', 'TH', 'TN', 'TR', 'TW', 'US', 'UY', 'VN', 'ZA']",BE,0.602,1.0,216013.0,0.923,https://api.spotify.com/v1/tracks/1yjY7rpaAQvKwpdUliHx0d,1yjY7rpaAQvKwpdUliHx0d,0.0,5.0,0.0561,-3.763,"

Can't count the years on one hand
That we've been together
I need the other one to hold you
Make you feel, make you feel better
It's not a walk in the park
To love each other
But when our fingers interlock
Can't deny, can't deny you're worth it
Cause after all this time, I'm still into you

I should be over all the butterflies
But I'm into you (I'm into you)
And baby even on our worst nights
I'm into you (I'm into you)
Let 'em wonder how we got this far
Cause I don't really need to wonder at all
Yeah after all this time I'm still into you

Recount the night that I first met your mother
And on the drive back to my house
I told you that, I told you that I loved ya
You felt the weight of the world
Fall off your shoulder
And to your favorite song
We sang along to the start of forever
And after all this time, I'm still into you

I should be over all the butterflies
But I'm into you (I'm into you)
And baby even on our worst nights
I'm into you (I'm into you)
Let 'em wonder how we got this far
Cause I don't really need to wonder at all
Yeah after all this time I'm still into you

Some things just, some things just make sense
And one of those is you and I
Some things just, some things just make sense
And even after all this time
I'm into you
Baby not a day goes by
That I'm not into you

I should be over all the butterflies
But I'm into you (I'm into you)
And baby even on our worst nights
I'm into you (I'm into you)
Let 'em wonder how we got this far
Cause I don't really need to wonder at all
Yeah after all this time I'm still into you

I'm still into you
I'm still into you
",1.0,Still Into You,emo,73.0,https://p.scdn.co/mp3-preview/e58479c66349d2bfac3afc07e34bd9caa85f16e0?cid=b3cdb16d0df2409abf6a8f6c2f6c2e0c,0.044,136.01,4.0,https://api.spotify.com/v1/tracks/1yjY7rpaAQvKwpdUliHx0d,track_18,9.0,spotify:track:1yjY7rpaAQvKwpdUliHx0d,0.765,track
,0.00109,54aXmp3ATx0RTba6kcW2rp,https://api.spotify.com/v1/audio-analysis/3OU6yajAf7L9wBne2y5SeV,['1lnJNeK1f1c9CyIVqJ5tog'],"['DK', 'IS']",FI,0.65,1.0,175440.0,0.554,https://api.spotify.com/v1/tracks/3OU6yajAf7L9wBne2y5SeV,3OU6yajAf7L9wBne2y5SeV,9.97e-05,4.0,0.17,-7.356,"
Altid på
Ik til at slå, ser det på min stil
Nanana
Hilmen er blå
Kan jeg snart nå, ser det på min stil
Nanana
Aldrig sløv, samler støv
Kan ik sidde stille
Nanana
Alt skal prøves uden at tøve
Kan ik sidde stille
Nanana
Vi vil ha fest hver dag
Kom og vær med
Nanana
Hoppe rundt det er sundt
Kom og vær med
Nanana
Kom igang baby
Du må godt baby
For vil du danse med mig
Så vil jeg danse med dig
Kom op og dans med mig
Har aldrig nogensinde, aldrig nogensinde været så sej
Der er altid nogen, der er altid nogen der er parat
Til i dag ja, til i dag
For vi er klar
Op af sofaen
Jajaja
Kedsomhed er noget ged
Kom og lad os synge
Nanana
Glad ik ked op ik ned
Kom og lad os synge
Nanana
Kom igang baby
Du må godt baby
For vil du danse med mig, så vil jeg danse med dig
Kom op og dans med mig
Har aldrig nogensinde, aldrig nogensinde
Været så sej
Der er altid nogen, der er altid nogen der er parat
Til i dag ja til i dag
For vi er klar
Op af sofaen
Jajaja
Vil du danse med mig
Vil jeg danse med dig
Vil du danse med mig
Vil jeg danse med dig
(uhhh ja)
Kom og løft hendes hænder op
(uhhh ja)
Pulsen den skal op uh yea (uhh ja)
Ingen skal sidde stille mere, alle de skal danse med mig, alle kom og dans med mig
Kom op og dans med med
Har aldrig nogensinde, aldrig nogensinde
Været så sej
Der er altid nogen, der er altid nogen der er parat
Til i dag ja, til i dag
For vi er klar
Op af sofaen
Jajaja
Vil du danse med mig
Vil jeg danse med dig
Vil du danse med mig
Kom op og dans med med
Har aldrig nogensinde, aldrig nogensinde
Været så sej
Der er altid nogen, der er altid nogen der er parat
Til i dag ja, til i dag
For vi er klar
Op af sofaen
Jajaja
Vil du danse med mig
Vil jeg danse med dig
Vil du danse med mig
Vil jeg danse med dig
Vil du danse med mig
Vil jeg danse med dig
Vil du danse med mig
Vil jeg daaaanse
",1.0,Teenagers,emo,26.0,https://p.scdn.co/mp3-preview/8078e175a81b8b02f9d71ae9b824185a657d9802?cid=b3cdb16d0df2409abf6a8f6c2f6c2e0c,0.0899,179.81,4.0,https://api.spotify.com/v1/tracks/3OU6yajAf7L9wBne2y5SeV,track_37,5.0,spotify:track:3OU6yajAf7L9wBne2y5SeV,0.502,track
,0.00112,5MdrTymhBb1Zt5LJHGlDL9,https://api.spotify.com/v1/audio-analysis/1wpiJznxsgVPfWS8Qepxcj,['7k5jeohQCF20a8foBD9ize'],"['DK', 'FI', 'IS', 'NO', 'SE']",FI,0.608,1.0,273520.0,0.922,https://api.spotify.com/v1/tracks/1wpiJznxsgVPfWS8Qepxcj,1wpiJznxsgVPfWS8Qepxcj,0.000212,6.0,0.312,-5.524,"
Welcome to the nightmare
Where villains wear the crowns
Fools rule a broken world
And fear grows all around
There's a bad king
A dreadful puppet on a string
He pretends to be a champion
Of the common man
Wants more division
In is lost and riven land
He plays with real lives
In the darkest game of life
His greedy eyes
Looks insane, frozen smile like he's in pain
He doesn't count
The human cost but only money made or lost
King for a day
He kills the truth and looks away
King for a day
Lives like the world would end today
King for a day
What do you hide, Why do you lie?
Who made the rules for this game
Who is paying your champagne?
All the mercy in the world
Cannot save you anymore
King for a day
He knows how to justify
And how to feed the myths
How to glorify
The lies and hide the truth
He talks a lot but
His mouth is full of empty words
He has the right friends
Making shady inside deals
Before the story ends
We will be out of tears
Fools give the answer
Wise men don't even try
The time has come
To dethrone him but there's a new clone
Stepping in
Just more scum
Another greedy, rotten puppet on a string
King for a day
He kills the truth and looks away
King for a day
Lives like the world would end today
King for a day
What do you hide, Why do you lie?
Who made the rules for this game
Who is paying your champagne?
All the mercy in the world
Cannot save you anymore
King for a day
I own the seas
I have the earth on its knees
Give me another day
And I'll take your future away
Jus vote for me again
King for a day
He kills the truth and looks away
King for a day
Lives like the world would end today
King for a day
What do you hide, Why do you lie?
Who made the rules for this game
Who is paying your champagne?
All the mercy in the world
Cannot save you anymore
King for a day
",0.0,King for a Day,emo,52.0,https://p.scdn.co/mp3-preview/9529722c396dec33e44024334a7717d602ad3d23?cid=b3cdb16d0df2409abf6a8f6c2f6c2e0c,0.0501,104.99,4.0,https://api.spotify.com/v1/tracks/1wpiJznxsgVPfWS8Qepxcj,track_1,3.0,spotify:track:1wpiJznxsgVPfWS8Qepxcj,0.78,track
,0.173,5ZoSahDz4EiFY4F79oyelY,https://api.spotify.com/v1/audio-analysis/7mudoo9FXpSXeK4cxR32fJ,['7liaWSL1uPVjIrnYSFDB6V'],"['AD', 'AE', 'AR', 'AT', 'AU', 'BE', 'BG', 'BH', 'BO', 'BR', 'CA', 'CH', 'CL', 'CO', 'CR', 'CY', 'CZ', 'DE', 'DK', 'DO', 'DZ', 'EC', 'EE', 'EG', 'ES', 'FI', 'FR', 'GB', 'GR', 'GT', 'HK', 'HN', 'HU', 'ID', 'IE', 'IL', 'IS', 'IT', 'JO', 'JP', 'KW', 'LB', 'LI', 'LT', 'LU', 'LV', 'MA', 'MC', 'MT', 'MX', 'MY', 'NI', 'NL', 'NO', 'NZ', 'OM', 'PA', 'PE', 'PH', 'PL', 'PS', 'PT', 'PY', 'QA', 'RO', 'SA', 'SE', 'SG', 'SK', 'SV', 'TH', 'TN', 'TR', 'TW', 'US', 'UY', 'VN', 'ZA']",FI,0.604,1.0,339305.0,0.637,https://api.spotify.com/v1/tracks/7mudoo9FXpSXeK4cxR32fJ,7mudoo9FXpSXeK4cxR32fJ,0.00037,7.0,0.115,-12.944,"
Jimmy Aaja Aaja Aaja Jimmy Aaja Aaja Aaja
Aaja re mere saath
Yeh jaage jaage raat
Pukare tujhe sun
Suna de wohi dhun
Jimmy Aaja Aaja Aaja Jimmy Aaja Aaja Aaja
Aaja re mere saath
Yeh jaage jaage raat
Pukare tujhe sun
Suna de wohi dhun
Jimmy Aaja Aaja Aaja Jimmy Aaja Aaja Aaja
Aise gumsum tu hai kyun
Khamoshi tod de
Jeena kya dil haar ke
Pagaalpan chhod de
Aise gumsum tu hai kyun
Khamoshi tod de
Jeena kya dil haar ke
Pagaalpan chhod de
Aaja re mere saath
Yeh jaage jaage raat
Pukare tujhe sun
Suna de wohi dhun
Jimmy Aaja Aaja Aaja Jimmy Aaja Aaja Aaja
Jimmy Aaja Jimmy Aaja
Aaja re mere saath
Yeh jaage jaage raat
Pukare tujhe sun
Suna de wohi dhun
",1.0,Dance Dance,emo,14.0,https://p.scdn.co/mp3-preview/ea65db1d1475264d4cb15f4a8e30b3b8abe2cd1f?cid=b3cdb16d0df2409abf6a8f6c2f6c2e0c,0.199,165.033,4.0,https://api.spotify.com/v1/tracks/7mudoo9FXpSXeK4cxR32fJ,track_24,3.0,spotify:track:7mudoo9FXpSXeK4cxR32fJ,0.384,track
,0.981,5uz9hkZeN7l5KHtmMDqgR0,https://api.spotify.com/v1/audio-analysis/3FJ46AfhOr2TyfhVTlK1sj,['2H5elA2mJKrHmqkN9GSfkz'],"['AU', 'CA', 'NZ', 'US']",AR,0.627,1.0,292160.0,0.18,https://api.spotify.com/v1/tracks/3FJ46AfhOr2TyfhVTlK1sj,3FJ46AfhOr2TyfhVTlK1sj,0.000373,6.0,0.107,-11.696,"
There was a camp town man, used to plow and sing
He loved that mule and the mule loved him
When the day got long as it does about now
I'd hear him singing to his mule cow
Calling, ""Come on my sweet old girl, I'd bet the whole damn world
We're gonna make it yet to the end of the row""
Singing ""Hard times ain't gonna rule my mind
Hard times ain't gonna rule my mind, Bessie
Hard times ain't gonna rule my mind no more""
Said it's a mean old world, heavy in need
That big machine is just picking up speed
And we're supping on tears, and we're supping on wine
We all get to heaven in our own sweet time
So come all you Asheville boys and turn up your old-time noise
And kick 'til the dust comes up from the cracks in the floor
Singing, ""Hard times ain't gonna rule my mind, brother
Hard times ain't gonna rule my mind
Hard times ain't gonna rule my mind no more""
But the camp town man, he doesn't plow no more
I seen him walking down to the cigarette store
Guess he lost that nag and he forgot that song
Woke up one morning and the mule was gone
So come on, you ragtime kings, and come on, you dogs, and sing
And pick up a dusty old horn and give it a blow
Playing, ""Hard times ain't gonna rule my mind, honey
Hard times ain't gonna rule my mind, sugar
Hard times ain't gonna rule my mind no more""
",1.0,Hard Times,emo,47.0,https://p.scdn.co/mp3-preview/9a907d13d67fbe870b9e4281233a79f4d9c962a6?cid=b3cdb16d0df2409abf6a8f6c2f6c2e0c,0.0376,134.247,4.0,https://api.spotify.com/v1/tracks/3FJ46AfhOr2TyfhVTlK1sj,track_27,8.0,spotify:track:3FJ46AfhOr2TyfhVTlK1sj,0.466,track
,0.154,4sgYpkIASM1jVlNC8Wp9oF,https://api.spotify.com/v1/audio-analysis/1j8z4TTjJ1YOdoFEDwJTQa,['74XFHRwlV6OrjEM0A2NCMF'],"['AE', 'AR', 'AT', 'AU', 'BE', 'BG', 'BH', 'BO', 'BR', 'CA', 'CH', 'CL', 'CO', 'CR', 'CY', 'CZ', 'DE', 'DK', 'DO', 'DZ', 'EC', 'EE', 'EG', 'ES', 'FI', 'FR', 'GB', 'GR', 'GT', 'HK', 'HN', 'HU', 'ID', 'IE', 'IL', 'IS', 'IT', 'JO', 'JP', 'KW', 'LB', 'LT', 'LU', 'LV', 'MA', 'MT', 'MX', 'MY', 'NI', 'NL', 'NO', 'NZ', 'OM', 'PA', 'PE', 'PH', 'PL', 'PT', 'PY', 'QA', 'RO', 'SA', 'SE', 'SG', 'SK', 'SV', 'TH', 'TN', 'TR', 'TW', 'US', 'UY', 'VN', 'ZA']",AR,0.61,1.0,296520.0,0.893,https://api.spotify.com/v1/tracks/1j8z4TTjJ1YOdoFEDwJTQa,1j8z4TTjJ1YOdoFEDwJTQa,4.41e-05,9.0,0.021,-3.681,"

I don’t mind
Letting you down easy, but just give it time
If it don’t hurt now just wait, just wait a while
You’re not the big fish in the pond no more
You are what they're feeding on

So what are you gonna do
When the world don't orbit around you
So what are you gonna do
When the world don't orbit around you

Ain’t it fun
Living in the real world
Ain’t it good
Being all alone

Where you're from
You might be the one who’s running things
Well you could ring anybody's bell and get what you want
You see it’s easy to ignore trouble
When you’re living in a bubble

So what are you gonna do
When the world don’t orbit around you
So what are you gonna do
When nobody wants to fool with you

Ain’t it fun
Living in the real world
Ain’t it good
Being all alone

Ain’t it good to be on your own
Ain’t it fun, you can't count on no one
Ain’t it good to be on your own
Ain’t it fun, you can't count on no one
Ain’t it fun
Living in the real world

Don’t go crying to your mama
‘Cause you’re on your own in the real world
Don’t go crying to your mama
‘Cause you’re on your own in the real world
Don’t go crying to your mama
‘Cause you’re on your own in the real world
Don’t go crying to your mama
‘Cause you’re on your own in the real world
Ain’t it fun, ain’t it fun
Baby now you’re one of us
Ain’t it fun, ain’t it fun, ain’t it fun

Ain’t it fun
Living in the real world
Ain’t it good, ain’t it good
Being all alone
Ain’t it fun
Living in the real world
(‘Cause the world don’t orbit around you)
Ain’t it good, ain't it good
Being all alone

Don’t go crying to your mama (To your mother)
‘Cause you’re on your own in the real world (Don’t go crying)
Don’t go crying to your mama (To your mama)
‘Cause you’re on your own in the real world
Don’t go crying to your mama
‘Cause you’re on your own in the real world (This is the real world)
Don’t go crying to your mama
‘Cause you’re on your own in the real world
This is the real world
This is the real world
Don’t go crying to your mama
‘Cause you’re on your own in the real world
Don’t go crying to your mama
‘Cause you’re on your own in the real world
Don’t go crying to your mama
‘Cause you’re on your own in the real world
Don’t go crying to your mama
‘Cause you’re on your own in the real world
Don't go crying
Don't go crying (You're on your own)
Don't go crying...
",1.0,Ain't It Fun,emo,74.0,https://p.scdn.co/mp3-preview/9918253a683eafc0f9223491b2f868036e201627?cid=b3cdb16d0df2409abf6a8f6c2f6c2e0c,0.0921,104.031,4.0,https://api.spotify.com/v1/tracks/1j8z4TTjJ1YOdoFEDwJTQa,track_40,6.0,spotify:track:1j8z4TTjJ1YOdoFEDwJTQa,0.673,track
,0.15,6zdw6wKWx1IJ3wJQTRJuM6,https://api.spotify.com/v1/audio-analysis/4S0rl9fFb2NkNR5norD4h4,"['7qjp4poDA0EDaiCEKuH1ZQ', '2V5nH1jMP8vwZb1gQf4W3S']","['AD', 'AE', 'AR', 'AT', 'AU', 'BE', 'BG', 'BH', 'BO', 'BR', 'CA', 'CH', 'CL', 'CO', 'CR', 'CY', 'CZ', 'DE', 'DK', 'DO', 'DZ', 'EC', 'EE', 'EG', 'ES', 'FI', 'FR', 'GB', 'GR', 'GT', 'HK', 'HN', 'HU', 'ID', 'IE', 'IL', 'IN', 'IS', 'IT', 'JO', 'JP', 'KW', 'LB', 'LI', 'LT', 'LU', 'LV', 'MA', 'MC', 'MT', 'MX', 'MY', 'NI', 'NL', 'NO', 'NZ', 'OM', 'PA', 'PE', 'PH', 'PL', 'PS', 'PT', 'PY', 'QA', 'RO', 'SA', 'SE', 'SG', 'SK', 'SV', 'TH', 'TN', 'TR', 'TW', 'US', 'UY', 'VN', 'ZA']",FI,0.661,1.0,192656.0,0.748,https://api.spotify.com/v1/tracks/4S0rl9fFb2NkNR5norD4h4,4S0rl9fFb2NkNR5norD4h4,6.44e-05,8.0,0.116,-6.456,"

So I roll like a stone
Hands up in the air
I don't wanna care
And I'll die with no regrets

Friend of mine
I get lost on the highway
The wind keeps taking me one way
They all say I won't be happy where I end up
Love of mine
I got good times in my blood
How many bottles are too much?
They all say I don't know where to stop

But I don't want to sacrifice the little things
That make life worth living, life worth living

So I roll like a stone
Hands up in the air (Hey)
I don't wanna care
And I'll die with no regrets
I roll like a stone
Everything I break (Hey)
And all of my mistakes
I can die with no regrets


I can die with no regrets
I roll like a stone
Hands up in the air
I don't wanna care
And I'll die with no regrets

Friend of mine
We've had heartaches that hurt bad
But no, I won't turn the clock back
'Cause one day we'll know it's a part of the plan, oh
Love of mine
One day the sun will not rise
We don't got time to waste time
So I'm gonna do it while I can

But I don't wanna sacrifice the little things
That make life worth living, life worth living

So I roll like a stone
Hands up in the air (Hey)
I don't wanna care
And I'll die with no regrets
I roll like a stone
Everything I break (Hey)
And all of my mistakes
I can die with no regrets


I can die with no regrets
I roll like a stone
Hands up in the air
I don't wanna care
And I'll die with no regrets
I roll like a stone
Everything I break
And all of my mistakes
I can die with no regrets

(I roll)
(I roll)
(I roll)
(I can die with no regrets)
",0.0,Going Under,emo,39.0,https://p.scdn.co/mp3-preview/23cdf99890b50cc43978f6f7030ce33356211f6d?cid=b3cdb16d0df2409abf6a8f6c2f6c2e0c,0.0346,122.022,4.0,https://api.spotify.com/v1/tracks/4S0rl9fFb2NkNR5norD4h4,track_19,1.0,spotify:track:4S0rl9fFb2NkNR5norD4h4,0.563,track
,0.000361,3GDtyPX6wp1H1972ESgtjt,https://api.spotify.com/v1/audio-analysis/1lVn8EyfxGPhybJTiDTPzV,['6deZN1bslXzeGvOLaLMOIF'],"['AD', 'AE', 'AR', 'AT', 'AU', 'BE', 'BG', 'BH', 'BO', 'BR', 'CA', 'CH', 'CL', 'CO', 'CR', 'CY', 'CZ', 'DE', 'DK', 'DO', 'DZ', 'EC', 'EE', 'EG', 'ES', 'FI', 'FR', 'GB', 'GR', 'GT', 'HK', 'HN', 'HU', 'ID', 'IE', 'IL', 'IN', 'IS', 'IT', 'JO', 'JP', 'KW', 'LB', 'LI', 'LT', 'LU', 'LV', 'MA', 'MC', 'MT', 'MX', 'MY', 'NI', 'NL', 'NO', 'NZ', 'OM', 'PA', 'PE', 'PH', 'PL', 'PS', 'PT', 'PY', 'QA', 'RO', 'SA', 'SE', 'SG', 'SK', 'SV', 'TH', 'TN', 'TR', 'TW', 'US', 'UY', 'VN', 'ZA']",FI,0.618,1.0,240704.0,0.956,https://api.spotify.com/v1/tracks/1lVn8EyfxGPhybJTiDTPzV,1lVn8EyfxGPhybJTiDTPzV,6.74e-05,11.0,0.349,-3.297,"

Kick 'em when they're up
Kick 'em when they're down
Kick 'em when they're up
Kick 'em when they're down
Kick 'em when they're up
Kick 'em when they're down
Kick 'em when they're up
Kick 'em all around

I make my living off the evening news
Just give me something, something I can use
People love it when you lose
They love dirty laundry
Well, I could've been an actor, but I wound up here
I just have to look good; I don't have to be clear
Come and whisper in my ear
Give us dirty laundry

Kick 'em when they're up
Kick 'em when they're down
Kick 'em when they're up
Kick 'em all around

We got the bubble-headed bleached-blonde
Comes on at five
She can tell you 'bout the plane crash
With a gleam in her eye
It's interesting when people die
Give us dirty laundry
Can we film the operation?
Is the head dead yet?
And all the boys in the newsroom
Got a running bet
Get the widow on the set
We need dirty laundry

Kick 'em when they're up
Kick 'em when they're down
Kick 'em when they're up
Kick 'em when they're down
Kick 'em when they're up
Kick 'em when they're down
Kick 'em when they're up
Kick 'em all around

Dirty little secrets
Dirty little lies
We got our dirty little fingers in everybody's pies
We love to cut you down to size
We love dirty laundry
We can do the innuendo
We can dance and sing
When it's said and done, we haven't told you a thing
We all know that crap is king
Give us dirty laundry

Kick 'em when they're up
Kick 'em when they're down
Kick 'em when they're up
Kick 'em when they're down
Kick 'em when they're up
Kick 'em when they're down
Kick 'em when they're up
Kick 'em all around
",0.0,Dirty Laundry,emo,53.0,https://p.scdn.co/mp3-preview/fea2366ecc37e0311069180e70b5eb3def2abab3?cid=b3cdb16d0df2409abf6a8f6c2f6c2e0c,0.0496,97.993,4.0,https://api.spotify.com/v1/tracks/1lVn8EyfxGPhybJTiDTPzV,track_8,1.0,spotify:track:1lVn8EyfxGPhybJTiDTPzV,0.487,track
,0.00109,3CaQTJU2Cpx7GXTgenmb2r,https://api.spotify.com/v1/audio-analysis/5ZdrNnYV5VZWds4WXKf8kf,['74XFHRwlV6OrjEM0A2NCMF'],"['AE', 'AT', 'AU', 'BE', 'BG', 'BH', 'CH', 'CY', 'CZ', 'DE', 'DK', 'DZ', 'EE', 'EG', 'FI', 'GB', 'GR', 'HU', 'IE', 'IL', 'IS', 'IT', 'JO', 'JP', 'KW', 'LB', 'LT', 'LU', 'LV', 'MA', 'MT', 'MY', 'NL', 'NO', 'NZ', 'OM', 'PL', 'PT', 'QA', 'RO', 'SA', 'SE', 'SG', 'SK', 'TN', 'TR', 'ZA']",AR,0.522,1.0,218627.0,0.964,https://api.spotify.com/v1/tracks/5ZdrNnYV5VZWds4WXKf8kf,5ZdrNnYV5VZWds4WXKf8kf,0.000389,11.0,0.0387,-2.645,"

If I'm a bad person, you don't like me
Well, I guess I'll make my own way
It's a circle, a mean cycle
I can't excite you anymore
Where's your gavel? Your jury?
What's my offense this time?
You're not a judge, but if you're gonna judge me
Well, sentence me to another life

Don't wanna hear your sad songs
I don't wanna feel your pain
When you swear it's all my fault
’Cause you know we're not the same
We're not the same
Oh, we're not the same
Yeah, the friends who stuck together
We wrote our names in blood
But I guess you can't accept that the change is good
It's good, it's good

Well, you treat me just like another stranger
Well, it's nice to meet you, sir
I guess I'll go
I'd best be on my way out
You treat me just like another stranger
Well, it's nice to meet you, sir
I guess I'll go
I'd best be on my way out

Ignorance is your new best friend
Ignorance is your new best friend

This is the best thing that could have happened
Any longer and I wouldn't have made it
It's not a war, no, it's not a rapture
I'm just a person, but you can't take it
The same tricks that, that once fooled me
They won't get you anywhere
I'm not the same kid from your memory
Well, now I can fend for myself

Don't wanna hear your sad songs
I don't wanna feel your pain
When you swear it's all my fault
’Cause you know we're not the same
We're not the same
Oh, we're not the same
Yeah, the friends who stuck together
We wrote our names in blood
But I guess you can't accept that the change is good
It's good, it's good

Well, you treat me just like another stranger
Well, it's nice to meet you, sir
I guess I'll go
I'd best be on my way out
You treat me just like another stranger
Well, it's nice to meet you, sir
I guess I'll go
I'd best be on my way out

Ignorance is your new best friend
Ignorance is your new best friend
Ignorance is your new best friend
Ignorance is your new best friend


Well, you treat me just like another stranger
Well, it's nice to meet you, sir
I guess I'll go
I'd best be on my way out
You treat me just like another stranger
Well, it's nice to meet you, sir
I guess I'll go
I'd best be on my way out
",0.0,Ignorance,emo,61.0,https://p.scdn.co/mp3-preview/472a4b28533e319d93fba97e8dc6a349488fc9e1?cid=b3cdb16d0df2409abf6a8f6c2f6c2e0c,0.095,170.944,4.0,https://api.spotify.com/v1/tracks/5ZdrNnYV5VZWds4WXKf8kf,track_15,2.0,spotify:track:5ZdrNnYV5VZWds4WXKf8kf,0.51,track
,0.00725,2e8m3glGL3xIuSrGGXzcIc,https://api.spotify.com/v1/audio-analysis/3ZsexY07D4t4HRq7ogeSAS,['46gyXjRIvN1NL1eCB8GBxo'],"['AD', 'AE', 'AR', 'AT', 'AU', 'BE', 'BG', 'BH', 'BO', 'BR', 'CA', 'CH', 'CL', 'CO', 'CR', 'CY', 'CZ', 'DE', 'DK', 'DO', 'DZ', 'EC', 'EE', 'EG', 'ES', 'FI', 'FR', 'GB', 'GR', 'GT', 'HK', 'HN', 'HU', 'ID', 'IE', 'IL', 'IN', 'IS', 'IT', 'JO', 'JP', 'KW', 'LB', 'LI', 'LT', 'LU', 'LV', 'MA', 'MC', 'MT', 'MX', 'MY', 'NI', 'NL', 'NO', 'NZ', 'OM', 'PA', 'PE', 'PH', 'PL', 'PS', 'PT', 'PY', 'QA', 'RO', 'SA', 'SE', 'SG', 'SK', 'SV', 'TH', 'TN', 'TR', 'TW', 'US', 'UY', 'VN', 'ZA']",AR,0.465,1.0,182827.0,0.896,https://api.spotify.com/v1/tracks/3ZsexY07D4t4HRq7ogeSAS,3ZsexY07D4t4HRq7ogeSAS,0.0,2.0,0.206,-3.126,"

I got your picture
I'm coming with you
Dear Maria, count me in
There's a story at the bottom of this bottle
And I'm the pen

When the lights go up
I want to watch the way you take the stage by storm
The way you wrap those boys around your finger
Go on and play the leader
'Cause you know it's what you're good at
The low road for the fast track
Make every second last

'Cause I got your picture
I'm coming with you
Dear Maria, count me in
There's a story at the bottom of this bottle
And I'm the pen
Make it count when I'm the one who's selling you out
'Cause it feels like stealing hearts
Calling your name from the crowd

Doesn’t that mean
You'll be the showgirl of the home-team
I'll be the narrator
Telling another tale of the American dream
I see your name in lights
We can make you a star
Girl, we'll take the world by storm
It isn't that hard

'Cause I got your picture
I'm coming with you
Dear Maria, count me in
There's a story at the bottom of this bottle
And I'm the pen
Make it count when I'm the one who's selling you out
'Cause it feels like stealing hearts
Calling your name from the crowd

Take a breath
Don't it sound so easy?
Never had a doubt
Now I'm going crazy
Watching from the floor
Take a breath
And let the rest come easy
Never settle down
'Cause the cash flow leaves me
Always wanting more

'Cause I got your picture
I'm coming with you
Dear Maria, count me in
There's a story at the bottom of this bottle
And I'm the pen
Make it count when I'm the one who's selling you out
'Cause it feels like stealing hearts
Calling your name from the crowd

'Cause I got your picture
I'm coming with you
Dear Maria, count me in
There's a story at the bottom of this bottle...
",1.0,"Dear Maria, Count Me In",emo,69.0,https://p.scdn.co/mp3-preview/aa9c38e29aa6e69f06ea955e01e15045afad6068?cid=b3cdb16d0df2409abf6a8f6c2f6c2e0c,0.0795,181.014,4.0,https://api.spotify.com/v1/tracks/3ZsexY07D4t4HRq7ogeSAS,track_2,6.0,spotify:track:3ZsexY07D4t4HRq7ogeSAS,0.569,track
,0.000289,29mlJg2PpuihKDNYZalIxw,https://api.spotify.com/v1/audio-analysis/7dN52YlyGl6c9tmxdv6zMp,['7FBcuc1gsnv6Y1nwFtNRCb'],"['AD', 'AE', 'AR', 'AT', 'AU', 'BE', 'BG', 'BH', 'BO', 'BR', 'CA', 'CH', 'CL', 'CO', 'CR', 'CY', 'CZ', 'DE', 'DK', 'DO', 'DZ', 'EC', 'EE', 'EG', 'ES', 'FI', 'FR', 'GB', 'GR', 'GT', 'HK', 'HN', 'HU', 'ID', 'IE', 'IL', 'IS', 'IT', 'JO', 'JP', 'KW', 'LB', 'LI', 'LT', 'LU', 'LV', 'MA', 'MC', 'MT', 'MX', 'MY', 'NI', 'NL', 'NO', 'NZ', 'OM', 'PA', 'PE', 'PH', 'PL', 'PS', 'PT', 'PY', 'QA', 'RO', 'SA', 'SE', 'SG', 'SK', 'SV', 'TH', 'TN', 'TR', 'TW', 'US', 'UY', 'VN', 'ZA']",AR,0.217,1.0,311107.0,0.905,https://api.spotify.com/v1/tracks/7dN52YlyGl6c9tmxdv6zMp,7dN52YlyGl6c9tmxdv6zMp,0.00011,2.0,0.222,-4.103,"

When I was a young boy
My father took me into the city
To see a marching band
He said, ""Son, when you grow up
Would you be the savior of the broken
The beaten and the damned?""
He said, ""Will you defeat them?
Your demons, and all the non-believers
The plans that they have made?""
""Because one day, I'll leave you
A phantom to lead you in the summer
To join the black parade""
When I was a young boy
My father took me into the city
To see a marching band
He said, ""Son, when you grow up
Would you be the savior of the broken
The beaten and the damned?""

Sometimes I get the feeling she's watching over me
And other times I feel like I should go
And through it all, the rise and fall, the bodies in the streets
And when you're gone, we want you all to know

We'll carry on
We'll carry on
And though you're dead and gone, believe me
Your memory will carry on
We'll carry on
And in my heart I can't contain it
The anthem won't explain it

A world that sends you reeling from decimated dreams
Your misery and hate will kill us all
So paint it black and take it back, let's shout it loud and clear
Defiant to the end we hear the call

To carry on
We'll carry on
And though you're dead and gone, believe me
Your memory will carry on
We'll carry on
And though you're broken and defeated
Your weary widow marches

On and on, we carry through the fears
Oh, oh, oh
Disappointed faces of your peers
Oh, oh, oh
Take a look at me, 'cause I could not care at all
Do or die, you'll never make me
Because the world will never take my heart
Go and try, you'll never break me
We want it all, we wanna play this part
I won't explain or say I'm sorry
I'm unashamed, I'm gonna show my scars
Give a cheer for all the broken
Listen here, because it's who we are
I'm just a man, I'm not a hero
Just a boy, who had to sing this song
I'm just a man, I'm not a hero
I don't care

We'll carry on
We'll carry on
And though you're dead and gone believe me
Your memory will carry on
We'll carry on
And though you're broken and defeated
Your weary widow marches

Do or die, you'll never make me
Because the world will never take my heart
Go and try, you'll never break me
We want it all, we wanna play this part
(We'll carry on!)
Do or die, you'll never make me
Because the world will never take my heart
Go and try, you'll never break me
We want it all, we wanna play this part
(We'll carry on!)
",1.0,Welcome to the Black Parade,emo,62.0,https://p.scdn.co/mp3-preview/0c19f3a680ff92f9d38a34b3310e6ff1a661ab1e?cid=b3cdb16d0df2409abf6a8f6c2f6c2e0c,0.0752,96.95,4.0,https://api.spotify.com/v1/tracks/7dN52YlyGl6c9tmxdv6zMp,track_6,5.0,spotify:track:7dN52YlyGl6c9tmxdv6zMp,0.236,track
,0.000321,0FZK97MXMm5mUQ8mtudjuK,https://api.spotify.com/v1/audio-analysis/2d6m2F4I7wCuAKtSsdhh83,['7FBcuc1gsnv6Y1nwFtNRCb'],"['AD', 'AE', 'AR', 'AT', 'AU', 'BE', 'BG', 'BH', 'BO', 'BR', 'CA', 'CH', 'CL', 'CO', 'CR', 'CY', 'CZ', 'DE', 'DK', 'DO', 'DZ', 'EC', 'EE', 'EG', 'ES', 'FI', 'FR', 'GB', 'GR', 'GT', 'HK', 'HN', 'HU', 'ID', 'IE', 'IL', 'IS', 'IT', 'JO', 'JP', 'KW', 'LB', 'LI', 'LT', 'LU', 'LV', 'MA', 'MC', 'MT', 'MX', 'MY', 'NI', 'NL', 'NO', 'NZ', 'OM', 'PA', 'PE', 'PH', 'PL', 'PS', 'PT', 'PY', 'QA', 'RO', 'SA', 'SE', 'SG', 'SK', 'SV', 'TH', 'TN', 'TR', 'TW', 'US', 'UY', 'VN', 'ZA']",AR,0.467,1.0,299227.0,0.883,https://api.spotify.com/v1/tracks/2d6m2F4I7wCuAKtSsdhh83,2d6m2F4I7wCuAKtSsdhh83,0.000152,2.0,0.125,-3.679,"

Now, I know that I can't make you stay
But where's your heart?
But where's your heart?
But where's your...
And I know there's nothing I can say
To change that part
To change that part
To change...

So many bright lights, they cast a shadow
But can I speak?
Well, is it hard understanding I'm incomplete?
A life that's so demanding, I get so weak
A love that's so demanding, I can't speak

I am not afraid to keep on living
I am not afraid to walk this world, alone
Honey, if you stay, I'll be forgiven
Nothing you can say can stop me going home

Can you see, my eyes are shining bright
'Cause I'm out here, on the other side
Of a jet black hotel mirror, and I'm so weak
Is it hard understanding I'm incomplete?
A love that's so demanding, I get weak

I am not afraid to keep on living
I am not afraid to walk this world, alone
Honey, if you stay, I'll be forgiven
Nothing you can say can stop me going home
I am not afraid to keep on living
I am not afraid to walk this world, alone
Honey, if you stay, I'll be forgiven
Nothing you can say can stop me going home

These bright lights have always blinded me
These bright lights have always blinded me
I say

I see you lying next to me
With words I thought I'd never speak
Awake and unafraid
Asleep or dead
(How can I see, I see you lying)
'Cause I see you lying next to me
(How can I see, I see you lying)
With words I thought I'd never speak
(How can I see, I see you lying)
Awake and unafraid
(How can I see, I see you lying)
Asleep or dead
I see you lying next to me
With words I thought I'd never speak
Awake and unafraid
Asleep or dead
I see you lying next to me
With words I thought I'd never speak
Awake and unafraid
Asleep or dead

I am not afraid to keep on living
I am not afraid to walk this world, alone
Honey, if you stay, I'll be forgiven
Nothing you can say can stop me going home
I am not afraid to keep on living
I am not afraid to walk this world, alone
Honey, if you stay, I'll be forgiven
Nothing you can say can stop me going home

I am not afraid to keep on living
I am not afraid to walk this world, alone
Honey, if you stay, I'll be forgiven
Nothing you can say can stop me going home
",0.0,Famous Last Words,emo,71.0,https://p.scdn.co/mp3-preview/67c92af6b1777a1a0b39eb7869eb80bd92544bfe?cid=b3cdb16d0df2409abf6a8f6c2f6c2e0c,0.106,122.252,4.0,https://api.spotify.com/v1/tracks/2d6m2F4I7wCuAKtSsdhh83,track_24,13.0,spotify:track:2d6m2F4I7wCuAKtSsdhh83,0.309,track
,0.00204,0dtwIycvTaFNjo44QRwWz7,https://api.spotify.com/v1/audio-analysis/1qAuIPMALdFtGv2Ymjy5l0,['70BYFdaZbEKbeauJ670ysI'],"['AD', 'AE', 'AR', 'AT', 'AU', 'BE', 'BG', 'BH', 'BO', 'BR', 'CA', 'CH', 'CL', 'CO', 'CR', 'CY', 'CZ', 'DE', 'DK', 'DO', 'DZ', 'EC', 'EE', 'EG', 'ES', 'FI', 'FR', 'GB', 'GR', 'GT', 'HK', 'HN', 'HU', 'ID', 'IE', 'IL', 'IS', 'IT', 'JO', 'JP', 'KW', 'LB', 'LI', 'LT', 'LU', 'LV', 'MA', 'MC', 'MT', 'MX', 'MY', 'NI', 'NL', 'NO', 'NZ', 'OM', 'PA', 'PE', 'PH', 'PL', 'PS', 'PT', 'PY', 'QA', 'RO', 'SA', 'SE', 'SG', 'SK', 'SV', 'TH', 'TN', 'TR', 'TW', 'US', 'UY', 'VN', 'ZA']",AR,0.487,1.0,248373.0,0.9,https://api.spotify.com/v1/tracks/1qAuIPMALdFtGv2Ymjy5l0,1qAuIPMALdFtGv2Ymjy5l0,6.42e-06,5.0,0.11,-4.54,"

Good for you, you fooled everybody
Good for you, you fooled everyone
Good for you, now you're somebody
Good for you, you fooled everyone

Leave your weapon on the table
Wrapped in burlap, barely able
Don't get angry, don't discourage
Take a shot of liquid courage

'Cause my monsters are real, and they're trained how to kill
And there's no comin' back and they just laugh at how I feel
And these monsters can fly, and they'll never say die
And there's no goin' back, if I get trapped I'll never heal
Yeah, my monsters are real

Good for you, you hurt everybody
Good for you, you hurt everyone
Good for you, you love nobody
Good for you, you owe no one

Leave your weapon on the table
Wrapped in burlap, barely able
Call a doctor, say a prayer
Choose a god you think is fair

'Cause my monsters are real, and they're trained how to kill
And there's no comin' back and they just laugh at how I feel
And these monsters can fly, and they'll never say die
And there's no goin' back, if I get trapped I'll never heal
'Cause my monsters are real

Leave your weapon on the table
Wrapped in burlap, barely able
Don't get angry, don't discourage
Take a shot of liquid courage
Leave a light on if you're able
'Cause we both know you're unstable
Call a doctor, say a prayer
Choose a god you think is fair

'Cause my monsters are real, and they're trained how to kill
And there's no comin' back and they just laugh at how I feel
And these monsters can fly, and they'll never say die
And there's no goin' back, if I get trapped I'll never heal
Yeah, my monsters are real
",1.0,MONSTERS,emo,61.0,https://p.scdn.co/mp3-preview/bdd48468c7e1dbff4913aab63c0aa903996615dc?cid=b3cdb16d0df2409abf6a8f6c2f6c2e0c,0.0529,149.959,4.0,https://api.spotify.com/v1/tracks/1qAuIPMALdFtGv2Ymjy5l0,track_23,7.0,spotify:track:1qAuIPMALdFtGv2Ymjy5l0,0.377,track
,0.0852,1LDNsSPcb2gzLjadFZb7xi,https://api.spotify.com/v1/audio-analysis/4ssK5DaAMRyavqx2Yrn1cZ,['68XqQfLoVgplwesDOKhU0a'],"['AD', 'AE', 'AR', 'AT', 'AU', 'BE', 'BG', 'BH', 'BO', 'BR', 'CA', 'CH', 'CL', 'CO', 'CR', 'CY', 'CZ', 'DE', 'DK', 'DO', 'DZ', 'EC', 'EE', 'EG', 'ES', 'FI', 'FR', 'GB', 'GR', 'GT', 'HK', 'HN', 'HU', 'ID', 'IE', 'IL', 'IN', 'IS', 'IT', 'JO', 'JP', 'KW', 'LB', 'LI', 'LT', 'LU', 'LV', 'MA', 'MC', 'MT', 'MX', 'MY', 'NI', 'NL', 'NO', 'NZ', 'OM', 'PA', 'PE', 'PH', 'PL', 'PS', 'PT', 'PY', 'QA', 'RO', 'SA', 'SE', 'SG', 'SK', 'SV', 'TH', 'TN', 'TR', 'TW', 'US', 'UY', 'VN', 'ZA']",AR,0.757,1.0,201107.0,0.639,https://api.spotify.com/v1/tracks/4ssK5DaAMRyavqx2Yrn1cZ,4ssK5DaAMRyavqx2Yrn1cZ,0.0923,6.0,0.0779,-11.864,"

Kai ilkeyttäni vain
Mä haluun et sä kaipaat mua
Sit yllätyin mä kai
Kuin vitusti mä tarviin sua
Kai ihan millä vain
Sut oisin saanu voitettua
En tiiä yhtään mitä sain
Mut haluun sille antautua

Mä haluun et sä kaipaat mua
Kaipaat
Mä haluun et sä kaipaat mua
Kaipaat
Mä haluun et sä kaipaat mua
Kaipaat
Mä haluun et sä kaipaat mua
Kaipaat

Syvemmälle ain
Kun aloin suhun kaivautua
Luulin et on fine
Sun sydämeesi tarrautua
Et kuullu kun mä hoin
Mä haluun suhun kahliintua
Tarkoitin sit kai
Et ikuisesti raastan sua

Mä haluun et sä kaipaat mua
Kaipaat
Mä haluun et sä kaipaat mua
Kaipaat
Mä haluun et sä kaipaat mua
Kaipaat
Mä haluun et sä kaipaat mua
Kaipaat

Noniin
En olekaan enää täällä
Valoon
Oon kuin varjoaine
Vielä kuvan silmät muodostaa
Nopeastipa kaikki meni
Älä itke mun kasvoilleni
Sua on vähän vaikee erottaa
Oot niin kaukana musta
Piste

Mä haluun et sä kaipaat mua
Kaipaat
Mä haluun et sä kaipaat mua
Kaipaat
Mä haluun et sä kaipaat mua
Kaipaat
Mä haluun et sä kaipaat mua
Kaipaat

Älä itke mun kasvoilleni
Älä itke mun kasvoilleni
Älä itke mun kasvoilleni
Älä itke mun kasvoilleni
",0.0,Helena,emo,12.0,https://p.scdn.co/mp3-preview/451fea0484ec112bd8b5169a3585b255ce6416d5?cid=b3cdb16d0df2409abf6a8f6c2f6c2e0c,0.0388,142.04,4.0,https://api.spotify.com/v1/tracks/4ssK5DaAMRyavqx2Yrn1cZ,track_47,1.0,spotify:track:4ssK5DaAMRyavqx2Yrn1cZ,0.851,track
,0.793,0BIRNa0Z6XjBF7XESThRJ4,https://api.spotify.com/v1/audio-analysis/6nbUoNsnYxsYtwARBeUGmW,['4sZFU1jVlXA9cF7WBqZ6IV'],"['AD', 'AE', 'AR', 'AT', 'AU', 'BE', 'BG', 'BH', 'BO', 'BR', 'CA', 'CH', 'CL', 'CO', 'CR', 'CY', 'CZ', 'DE', 'DK', 'DO', 'DZ', 'EC', 'EE', 'EG', 'ES', 'FI', 'FR', 'GB', 'GR', 'GT', 'HK', 'HN', 'HU', 'ID', 'IE', 'IL', 'IN', 'IS', 'IT', 'JO', 'JP', 'KW', 'LB', 'LI', 'LT', 'LU', 'LV', 'MA', 'MC', 'MT', 'MX', 'MY', 'NI', 'NL', 'NO', 'NZ', 'OM', 'PA', 'PE', 'PH', 'PL', 'PS', 'PT', 'PY', 'QA', 'RO', 'SA', 'SE', 'SG', 'SK', 'SV', 'TH', 'TN', 'TR', 'TW', 'US', 'UY', 'VN', 'ZA']",AR,0.445,1.0,225063.0,0.557,https://api.spotify.com/v1/tracks/6nbUoNsnYxsYtwARBeUGmW,6nbUoNsnYxsYtwARBeUGmW,7.91e-06,0.0,0.207,-4.336,"
Hangul
이젠 정말 괜찮은 줄 알았어
네 말처럼 다 잊은 줄 알았어
흔들리는 밤 길을 잃은 맘
애써 바쁜 척 잘 지내며 버텼는데
비가 와서 그랬어 술에 취해 그랬어
난 여전히 그런 핑계로 널 못 잊어
대답 없는 너는 그게 대답일 텐데
또 습관처럼 네겔 전활 걸어
이런 내가 싫다
이제 와서 뭘 바라는 건 아냐
그냥 오늘은 솔직히 말할게
보고 싶었어 궁금했었어
한때 내 전부를 나눴던 너였는데
비가 와서 그랬어 술에 취해 그랬어
내 친구들 그만 잊으라고 날 욕해
대답 없는 너는 그게 대답일 텐데
또 습관처럼 너의 기억 속에 살아
내가 싫다
사실 난 못하겠어
아직 남은 널 지우기에 난 어린가 봐
어떻게 널 다 잊어
이렇게 선명한데
넌 나에게 모든 계절 모든 하룬데
비가 와서 그래 오늘은 좀 놔두자
내일이 오면 후회하겠지만
너무 보고 싶다
Romanization
Ijen jeongmal gwaenchanh-eun jul al-ass-eo
Ne malcheoleom da ij-eun jul al-ass-eo
Heundeullineun bam gil-eul ilh-eun mam
Aesseo bappeun cheog jal jinaemyeo beotyeossneunde
Biga waseo geulaess-eo sul-e chwihae geulaess-eo
Nan yeojeonhi geuleon ping-gyelo neol mos ij-eo
Daedab eobsneun neoneun geuge daedab-il tende
Tto seubgwancheoleom negel jeonhwal geol-eo
Ileon naega silhda
Ije waseo mwol balaneun geon anya
Geunyang oneul-eun soljighi malhalge
Bogo sip-eoss-eo gung-geumhaess-eoss-eo
Hanttae nae jeonbuleul nanwossdeon neoyeossneunde
Biga waseo geulaess-eo sul-e chwihae geulaess-eo
Nae chingudeul geuman ij-eulago nal yoghae
Daedab eobsneun neoneun geuge daedab-il tende
Tto seubgwancheoleom neoui gieog sog-e sal-a
Naega silhda
Sasil nan moshagess-eo
Ajig nam-eun neol jiugie nan eolinga bwa
Eotteohge neol da ij-eo
Ileohge seonmyeonghande
Neon na-ege modeun gyejeol modeun halunde
Biga waseo geulae oneul-eun jom nwaduja
Naeil-i omyeon huhoehagessjiman
Neomu bogo sipda
",1.0,I miss you,emo,25.0,https://p.scdn.co/mp3-preview/c2b08b846f7186b7ee4b30fd0963772883a0c3cc?cid=b3cdb16d0df2409abf6a8f6c2f6c2e0c,0.0295,136.316,4.0,https://api.spotify.com/v1/tracks/6nbUoNsnYxsYtwARBeUGmW,track_61,5.0,spotify:track:6nbUoNsnYxsYtwARBeUGmW,0.155,track
,0.00272,71rziY9eLo1tA2dBMxrwhc,https://api.spotify.com/v1/audio-analysis/6SpLc7EXZIPpy0sVko0aoU,['74XFHRwlV6OrjEM0A2NCMF'],"['BR', 'CA', 'US']",AR,0.517,1.0,211520.0,0.906,https://api.spotify.com/v1/tracks/6SpLc7EXZIPpy0sVko0aoU,6SpLc7EXZIPpy0sVko0aoU,9.26e-06,1.0,0.113,-3.677,"

Hit that, hit that snare

I'm in the business of misery, let's take it from the top
She's got a body like an hourglass, it's ticking like a clock
It's a matter of time before we all run out
When I thought he was mine, she caught him by the mouth
I waited eight long months, she finally set him free
I told him I couldn't lie, he was the only one for me
Two weeks and we caught on fire
She's got it out for me, but I wear the biggest smile

Whoa, I never meant to brag
But I got him where I want him now
Whoa, it was never my intention to brag
To steal it all away from you now
But God, does it feel so good
'Cause I got him where I want him now
And if you could, then you know you would
'Cause God, it just feels so
It just feels so good

Second chances, they don't ever matter, people never change
Once a whore you're nothing more
I'm sorry, that'll never change
And about forgiveness, we're both supposed to have exchanged
I'm sorry honey, but I passed it up, now look this way
Well, there's a million other girls who do it just like you
Looking as innocent as possible to get to who
They want and what they like
It's easy if you do it right
Well I refuse, I refuse, I refuse!

Whoa, I never meant to brag
But I got him where I want him now
Whoa, it was never my intention to brag
To steal it all away from you now
But God, does it feel so good
'Cause I got him where I want him right now
And if you could, then you know you would
'Cause God, it just feels so
It just feels so good

I watched his wildest dreams come true
And not one of them involving you
Just watch my wildest dreams come true
Not one of them involving

Whoa, I never meant to brag
But I got him where I want him now

Whoa, I never meant to brag
But I got him where I want him now
Whoa, it was never my intention to brag
To steal it all away from you now
But God, does it feel so good
'Cause I got him where I want him now
And if you could, then you know you would
'Cause God, it just feels so
It just feels so good
",1.0,Misery Business,emo,72.0,https://p.scdn.co/mp3-preview/d4aacf7e02038a401759df9a908756e4f71de0fb?cid=b3cdb16d0df2409abf6a8f6c2f6c2e0c,0.0735,172.977,4.0,https://api.spotify.com/v1/tracks/6SpLc7EXZIPpy0sVko0aoU,track_19,4.0,spotify:track:6SpLc7EXZIPpy0sVko0aoU,0.731,track
,0.000218,71rziY9eLo1tA2dBMxrwhc,https://api.spotify.com/v1/audio-analysis/3VA4sjTMSTTF02hFGmlpJh,['74XFHRwlV6OrjEM0A2NCMF'],"['BR', 'CA', 'US']",AR,0.631,1.0,189373.0,0.793,https://api.spotify.com/v1/tracks/3VA4sjTMSTTF02hFGmlpJh,3VA4sjTMSTTF02hFGmlpJh,5.65e-05,1.0,0.0976,-4.086,"

I got a lot to say to you
Yeah, I got a lot to say
I noticed your eyes are always glued to me
Keeping them here and it makes no sense at all

They taped over your mouth
Scribbled out the truth with their lies
Your little spies
They taped over your mouth
Scribbled out the truth with their lies
Your little spies

Crush, crush, crush
Crush, crush (2, 3, 4)

Nothing compares to a quiet evening alone
Just the one, two of us who's counting on
That never happens, I guess I'm dreaming again
Let's be more than this

If you wanna play it like a game
Well, come on, come on, let's play
Cause I'd rather waste my life pretending
Than have to forget you for one whole minute

They taped over your mouth
Scribbled out the truth with their lies
Your little spies
They taped over your mouth
Scribbled out the truth with their lies
Your little spies

Crush, crush, crush
Crush, crush (2, 3, 4)

Nothing compares to a quiet evening alone
Just the one, two of us who's counting on
That never happens, I guess I'm dreaming again
Let's be more than this now

Rock and roll, baby
Don't you know that we're all alone now?
I need something to sing about
Rock and roll, honey (Hey!)
Don't you know, baby, we're all alone now?
I need something to sing about
Rock and roll, honey (Hey!)
Don't you know, baby, we're all alone now?
Give me something to sing about

Nothing compares to a quiet evening alone
Just the one, two of us who's counting on
That never happens, I guess I'm dreaming again
Let's be more than oh
Nothing compares to a quiet evening alone
Just the one, two of us who's counting on
That never happens, I guess I'm dreaming again
Let's be more than, more than this, oh
",0.0,crushcrushcrush,emo,63.0,https://p.scdn.co/mp3-preview/01187268dfa60b63f52a64dcad65b5e2f23abab7?cid=b3cdb16d0df2409abf6a8f6c2f6c2e0c,0.0468,136.96,4.0,https://api.spotify.com/v1/tracks/3VA4sjTMSTTF02hFGmlpJh,track_20,8.0,spotify:track:3VA4sjTMSTTF02hFGmlpJh,0.648,track
,0.0411,1FPDKmotHS1ESWAgjUEqh2,https://api.spotify.com/v1/audio-analysis/6QfnvcOKsdN4Q6exUWVuzn,['126FigDBtqwS2YsOYMTPQe'],"['AD', 'AE', 'AR', 'AT', 'AU', 'BE', 'BG', 'BH', 'BO', 'BR', 'CA', 'CH', 'CL', 'CO', 'CR', 'CY', 'CZ', 'DE', 'DK', 'DO', 'DZ', 'EC', 'EE', 'EG', 'ES', 'FI', 'FR', 'GB', 'GR', 'GT', 'HK', 'HN', 'HU', 'ID', 'IE', 'IL', 'IN', 'IS', 'IT', 'JO', 'JP', 'KW', 'LB', 'LI', 'LT', 'LU', 'LV', 'MA', 'MC', 'MT', 'MX', 'MY', 'NI', 'NL', 'NO', 'NZ', 'OM', 'PA', 'PE', 'PH', 'PL', 'PS', 'PT', 'PY', 'QA', 'RO', 'SA', 'SE', 'SG', 'SK', 'SV', 'TH', 'TN', 'TR', 'TW', 'US', 'UY', 'VN', 'ZA']",AR,0.568,1.0,244480.0,0.835,https://api.spotify.com/v1/tracks/6QfnvcOKsdN4Q6exUWVuzn,6QfnvcOKsdN4Q6exUWVuzn,0.0,8.0,0.357,-6.896,"
Hey, there
I know it's hard to feel like I don't care at all
Where you are and how you feel
With these lights off as these wheels
Keep rolling on and on
(And on and on and on...)
Slow things down or speed them up
Not enough or way too much
(And on and on and on...)
How are you when I'm gone?

And I can't make it on my own
(And I can't make it on my own)
Because my heart is in Ohio
So cut my wrists and black my eyes
(Cut my wrists and black my eyes)
So I can fall asleep tonight, or die
Because you kill me
You know you do, you kill me well
You like it too, and I can tell
You'll never stop until my final breath is gone
Spare me just three last words
""I love you"" is all she heard
I'll wait for you, but I can't wait forever
Spare me just three last words
""I love you"" is all she heard
I'll wait for you, but I can't wait forever

And I can't make it on my own
(And I can't make it on my own)
Because my heart is in Ohio
So cut my wrists and black my eyes
(Cut my wrists and black my eyes)
So I can fall asleep tonight, or die
Because you kill me
You know you do, you kill me well
You like it too, and I can tell
You'll never stop until my final breath is gone
You know you do, you kill me well
You like it too, and I can tell
You'll never stop until my final breath is gone
So cut my wrists and black my eyes
My final breath is gone
So I can fall asleep tonight

And I can't make it on my own
(And I can't make it on my own)
Because my heart is in Ohio
So cut my wrists and black my eyes
(Cut my wrists and black my eyes)
So I can fall asleep tonight, or die
Because you kill me
You know you do, you kill me well
You like it too, and I can tell
You'll never stop until my final breath is gone
You know you do, you kill me well
You like it too, and I can tell
You'll never stop until my final breath is gone
You know you do, you kill me well
You like it too, and I can tell
You'll never stop until my final breath is gone
You know you do, you kill me well
You like it too, and I can tell
You'll never stop until my final breath is gone
",0.0,Ohio Is for Lovers,emo,64.0,https://p.scdn.co/mp3-preview/426a6c649df8cfc501e5a360697993abfdb2d5df?cid=b3cdb16d0df2409abf6a8f6c2f6c2e0c,0.0687,170.045,4.0,https://api.spotify.com/v1/tracks/6QfnvcOKsdN4Q6exUWVuzn,track_11,8.0,spotify:track:6QfnvcOKsdN4Q6exUWVuzn,0.625,track
,0.00602,3DuiGV3J09SUhvp8gqNx8h,https://api.spotify.com/v1/audio-analysis/7lRlq939cDG4SzWOF4VAnd,['7FBcuc1gsnv6Y1nwFtNRCb'],"['AD', 'AE', 'AR', 'AT', 'AU', 'BE', 'BG', 'BH', 'BO', 'BR', 'CA', 'CH', 'CL', 'CO', 'CR', 'CY', 'CZ', 'DE', 'DK', 'DO', 'DZ', 'EC', 'EE', 'EG', 'ES', 'FI', 'FR', 'GB', 'GR', 'GT', 'HK', 'HN', 'HU', 'ID', 'IE', 'IL', 'IS', 'IT', 'JO', 'JP', 'KW', 'LB', 'LI', 'LT', 'LU', 'LV', 'MA', 'MC', 'MT', 'MX', 'MY', 'NI', 'NL', 'NO', 'NZ', 'OM', 'PA', 'PE', 'PH', 'PL', 'PS', 'PT', 'PY', 'QA', 'RO', 'SA', 'SE', 'SG', 'SK', 'SV', 'TH', 'TN', 'TR', 'TW', 'US', 'UY', 'VN', 'ZA']",AR,0.21,1.0,186480.0,0.94,https://api.spotify.com/v1/tracks/7lRlq939cDG4SzWOF4VAnd,7lRlq939cDG4SzWOF4VAnd,0.0,9.0,0.269,-3.427,"

Well, if you wanted honesty
That's all you had to say
I never want to let you down
Or have you go, it's better off this way
For all the dirty looks
The photographs your boyfriend took
Remember when you broke your foot
From jumping out the second floor?

I'm not okay
I'm not okay
I'm not okay
You wear me out

What will it take to show you
That it's not the life it seems? (I'm not okay)
I've told you time and time again
You sing the words but don't know what it means (I'm not okay)
To be a joke and look
Another line without a hook
I held you close as we both shook
For the last time, take a good hard look

I'm not okay
I'm not okay
I'm not okay
You wear me out

Forget about the dirty looks
The photographs your boyfriend took
You said you read me like a book
But the pages all are torn and frayed
I'm okay, I'm okay, I'm okay now (I'm okay, now)
But you really need to listen to me
Because I'm telling you the truth
I mean this, I'm okay! (Trust me)

I'm not okay
I'm not okay
Well, I'm not okay, I'm not o-fucking-kay
I'm not okay
I'm not okay
",1.0,I'm Not Okay (I Promise),emo,73.0,https://p.scdn.co/mp3-preview/b5ad0ef700a456e320076c3000826d0ce050eb6e?cid=b3cdb16d0df2409abf6a8f6c2f6c2e0c,0.123,179.722,4.0,https://api.spotify.com/v1/tracks/7lRlq939cDG4SzWOF4VAnd,track_20,5.0,spotify:track:7lRlq939cDG4SzWOF4VAnd,0.255,track
